input_txt,target_txt,q_id,a_id,target_all_labels
"Que signifie-t-il lorsque la musique est écrite dans une certaine tonalité ?[1] Pensez à la tonalité comme un point de départ pour une gamme typique utilisée dans une pièce de musique. [2] Chaque chanson aura la même gamme de base afin qu'elle sonne agréable à l'oreille, ou dans la bonne tonalité. [3] La tonalité de base pour la musique est la tonalité de Do, qui utilise les notes Do à Sol et revient à Si naturellement, sans dièses ou bémols. [4] Ces gammes peuvent être décalées en commençant par une note différente de Do. Une fois cela fait, le modèle de différences sonores doit être appliqué aux nouvelles notes en utilisant des dièses et des bémols. [5] En utilisant les tonalités de Do majeur et de Sol majeur comme exemples, la gamme de Do serait lue Do, Ré, Mi, Fa, Sol, La, Si, avec un écart de hauteur plus petit entre Mi-Fa et Si-Do, appelé demi-ton. [6] Ces petits écarts changeront en fonction de la tonalité, qu'elle soit majeure ou mineure. [7] Avec une tonalité de Sol majeur, vous commencez sur Sol et appliquez les demi-tons aux mêmes positions qu'ils se trouvent dans la tonalité de Do. [8] Avec Sol majeur, nous obtenons Sol, La, Si, Do, Ré, Mi, Fa# (dièse), en maintenant les demi-tons à leur place (Si-Do, Fa#-Sol).",[1] Answer (Summary) [2] Answer (Summary) [3] Answer [4] Answer [5] Answer - Example [6] Answer - Example [7] Answer - Example [8] Answer - Example,130rg9,c6zspu1,"[1] Answer (Summary) [2] Answer,Answer (Summary),Auxiliary Information [3] Answer,Auxiliary Information [4] Answer,Auxiliary Information [5] Answer,Answer - Example [6] Answer,Answer - Example,Auxiliary Information [7] Answer,Answer - Example [8] Answer,Answer - Example"
"Pourquoi les cartes commencent-elles toujours par l'Amérique du Nord à gauche et se terminent-elles par l'Asie à droite ? [1] Sans être un globe en 3D, une carte en 2D doit diviser une masse terrestre ou une vaste étendue d'eau. [2] Nous sommes une espèce centrée sur la terre. [3] Nous marchons dessus, nous y vivons, nous passons pratiquement tout notre temps là-bas. [4] Nous avons automatiquement plus besoin d'une carte avec des masses terrestres congruentes. [5] L'océan Pacifique est une vaste étendue d'eau qui peut être facilement divisée du pôle Nord au pôle Sud en une ligne assez droite. [6] C'est là que nous coupons le globe pour en faire une carte en 2D.",[1] Answer [2] Answer (Summary) [3] Auxiliary Information [4] Answer [5] Answer (Summary) [6] Answer,1cdojs,c9fkkvr,"[1] Answer,Auxiliary Information [2] Answer,Answer (Summary) [3] Answer,Auxiliary Information [4] Answer,Answer (Summary) [5] Answer (Summary),Auxiliary Information [6] Answer,Auxiliary Information"
"Que font réellement les hommes d'affaires toute la journée ? [1] Je suis un cadre dans une entreprise de taille moyenne (~150 employés), et donc je pourrais être considéré comme un homme d'affaires. [2] Voici à quoi ressemblent mes journées : [3] * [4] Suivi de nos fournisseurs pour nous assurer que leurs produits nous sont livrés à temps et de haute qualité. [5] * [6] Gérer tous les problèmes avec nos fournisseurs, tels que l'incapacité à répondre à nos demandes ou des problèmes de qualité. [7] * [8] Négocier de nouveaux contrats avec des fournisseurs pour obtenir ce dont nous avons besoin au prix le plus bas possible. [9] * [10] Examiner les évaluations que nos employés ont faites des nouveaux produits pour voir s'ils répondront à nos besoins à moindre coût. [11] * [12] Beaucoup de réunions avec d'autres cadres de mon entreprise pour nous assurer que nos secteurs d'activité fonctionnent tous ensemble de manière harmonieuse. [13] * Évaluer les performances de mes employés, leur donner régulièrement des éloges, ainsi que corriger les erreurs et former les personnes. [14] Logistiquement parlant, cela se traduit par de nombreuses conversations téléphoniques et par e-mail, ainsi que par beaucoup d'analyse de données et d'élaboration de rapports. [15] Ces rapports alimentent ensuite la prise de décision.",[1] Auxiliary Information [2] Miscellaneous [3] Miscellaneous [4] Answer [5] Miscellaneous [6] Answer [7] Miscellaneous [8] Answer [9] Miscellaneous [10] Answer [11] Miscellaneous [12] Answer [13] Answer [14] Answer (Summary) [15] Answer,1ep39o,ca2d74p,"[1] Auxiliary Information,Miscellaneous [2] Answer - Organizational sentence,Miscellaneous [3] Miscellaneous [4] Answer,Answer - Example [5] Miscellaneous [6] Answer,Answer - Example [7] Miscellaneous [8] Answer,Answer - Example [9] Miscellaneous [10] Answer,Answer - Example [11] Miscellaneous [12] Answer,Answer - Example [13] Answer,Answer - Example [14] Answer (Summary) [15] Answer,Answer (Summary)"
"Pourquoi les recharges d'encre coûtent-elles plus cher qu'une imprimante entière, même si la nouvelle imprimante est livrée avec de l'encre ? [1] Parce que le produit qu'ils vendent, c'est l'encre. [2] Ils vendent les imprimantes à un prix réduit pour les rendre accessibles au plus grand nombre de foyers possible afin de pouvoir vous vendre l'encre coûteuse. [3] C'est le même principe de base que pour les consoles de jeux vidéo. [4] Ils perdent de l'argent sur les consoles et gagnent de l'argent sur les jeux.",[1] Answer [2] Answer (Summary) [3] Answer - Example [4] Answer - Example,1i0xre,cazvw89,[1] Answer [2] Answer (Summary) [3] Answer - Example [4] Answer - Example
"Pourquoi oublions-nous ce qui s'est passé dans nos rêves le lendemain matin ? [1] Bon, donc chaque fois que vous avez les yeux ouverts, vous pouvez voir votre nez, n'est-ce pas ? [2] Mais la plupart du temps, vous ne le remarquez même pas, seulement lorsque vous y pensez réellement. [3] Votre cerveau reçoit beaucoup d'informations en même temps. [4] Vous ressentez vos vêtements, voyez votre environnement, etc., tout en même temps. [5] Parce que c'est un travail difficile de sauvegarder toutes ces informations, certaines choses sont ignorées, tout comme votre nez. [6] Maintenant, pensez à vos rêves comme à votre nez. [7] Les rêves ne sont pas importants pour votre cerveau une fois qu'ils se sont produits, donc la mémoire est rapidement effacée. [8] Vous pouvez généralement vous en souvenir pendant quelques minutes après vous être réveillé, mais cela disparaît rapidement. [9] Maintenant, tout comme vous pouvez penser à votre nez et le voir, vous pouvez commencer à réfléchir à vos rêves et les mémoriser ! [10] Si vous vous concentrez sur eux, vous indiquez à votre cerveau qu'ils sont importants et il les sauvegardera. [11] Cela peut être entraîné, d'ailleurs.",[1] Answer - Example [2] Answer - Example [3] Answer - Example [4] Answer - Example [5] Answer - Example [6] Answer [7] Answer (Summary) [8] Answer (Summary) [9] Auxiliary Information [10] Auxiliary Information [11] Auxiliary Information,1imlt8,cb5xshk,"[1] Answer - Example [2] Answer - Example [3] Answer (Summary),Answer - Example [4] Answer - Example [5] Answer (Summary),Answer - Example [6] Answer,Answer - Organizational sentence [7] Answer (Summary) [8] Answer,Answer (Summary) [9] Answer,Auxiliary Information [10] Answer (Summary),Auxiliary Information [11] Auxiliary Information"
Pourquoi les gens mettent-ils du parfum sur l'intérieur de leurs poignets ? [1] J'ai entendu deux explications, je ne peux en garantir aucune. [2] 1. [3] Les poignets ont beaucoup de circulation sanguine près de la peau et produisent donc beaucoup de chaleur. [4] La chaleur aide à libérer le parfum. [5] 2. Les poignets sont une zone qui a tendance à se rapprocher des autres personnes. [6] Je suppose qu'ils sont également toujours exposés là où une grande partie du corps ne l'est pas.,[1] Miscellaneous [2] Miscellaneous [3] Answer (Summary) [4] Answer (Summary) [5] Answer (Summary) [6] Answer (Summary),1jmr6o,cbg7gcn,"[1] Miscellaneous [2] Answer - Organizational sentence,Miscellaneous [3] Answer (Summary) [4] Answer,Answer (Summary) [5] Answer (Summary) [6] Answer,Answer (Summary),Auxiliary Information"
Pourquoi les célébrités écopent-elles rarement de peines de prison correspondant à la gravité de celles infligées aux non-célébrités ? [1] * [2] Meilleurs avocats [3] * [4] Elles ont souvent contribué positivement à la société pour devenir célèbres, ce qui leur offre de meilleures perspectives de réhabilitation [5] * [6] Plus d'argent signifie une réhabilitation plus facile pour des problèmes tels que l'addiction ou la violence [7] * [8] Les dommages à la réputation sont souvent perçus comme une grande punition dont les personnes "normales" ne disposent pas.",[1] Miscellaneous [2] Answer (Summary) [3] Miscellaneous [4] Answer (Summary) [5] Miscellaneous [6] Answer (Summary) [7] Miscellaneous [8] Answer (Summary),1klurc,cbq8qco,"[1] Miscellaneous [2] Answer (Summary) [3] Miscellaneous [4] Answer (Summary) [5] Miscellaneous [6] Answer (Summary),Auxiliary Information [7] Miscellaneous [8] Answer,Answer (Summary)
"Pourquoi les dents, contrairement à d'autres parties du corps, ne guérissent-elles pas correctement ? [1] Les dents n'ont pas de cellules. [2] La guérison a lieu lorsque les cellules se divisent pour remplacer celles qui ont été perdues. [3] Vos dents ont poussé à l'intérieur de votre corps puis ont été poussées vers l'extérieur. [4] Notre ADN est programmé pour le faire uniquement avec 2 ensembles de dents.",[1] Answer (Summary) [2] Answer [3] Answer [4] Answer,1obnl6,ccqiik3,"[1] Answer (Summary) [2] Answer,Answer (Summary) [3] Answer,Answer (Summary) [4] Answer,Auxiliary Information"
"Pourquoi l'aluminium (papier d'aluminium) ne semble-t-il pas chaud au toucher même lorsqu'il est dans le four ou sur un gril ? [1] L'aluminium perd rapidement sa chaleur. [2] Il chauffe rapidement et refroidit rapidement. [3] Une fois sorti du four ou du gril, sa température commence à baisser rapidement."
"Si une mauvaise posture est si mauvaise, pourquoi cela procure-t-il une sensation agréable ? [1] Parce que votre corps y est habitué. [2] Si vous vous avachiez tout le temps et que vous essayiez ensuite de vous asseoir droit, vous forcez des muscles peu sollicités à travailler. [3] Si vous vous asseyez toujours droit, vous ressentirez de l'inconfort lorsque vous vous avachirez, car vos muscles du dos s'étireront de manière inconfortable de manière inhabituelle. [4] Si vous restez assis longtemps, vous serez probablement un peu endolori quoi qu'il en soit, mais davantage si vous vous avachissez, ce qui met une pression sur vos nerfs rachidiens. [5] Lorsque vous vous habituez à vous asseoir toujours droit et à avoir les muscles pour vous soutenir, vous vous rendez compte que s'avachir ne procure pas une sensation aussi agréable. [6] En résumé, s'avachir procure une sensation agréable parce que vous n'avez pas encore expérimenté une position assise réellement confortable, mec.",[1] Answer (Summary) [2] Answer [3] Answer [4] Auxiliary Information [5] Auxiliary Information [6] Answer,23217j,cgsn8g5,"[1] Answer (Summary) [2] Answer,Answer - Example [3] Answer,Answer - Example [4] Answer,Answer - Example,Auxiliary Information [5] Answer,Auxiliary Information [6] Answer"
"Pourquoi la Floride a-t-elle une si mauvaise réputation en matière de mauvais goût ? [1] Parce que l'État de Floride a des lois de transparence gouvernementale extrêmement étendues (lois du ""Sunshine""), qui permettent aux journalistes d'avoir accès à de grandes quantités d'informations gouvernementales, policières (arrestations, procédures judiciaires, etc.) et autres. [2] Il s'agit donc principalement de chercher les histoires les plus étranges. [3] De plus, American Media, l'éditeur de la plupart des tabloïds en Amérique, est basé en Floride, ce qui fait que de nombreuses histoires de ""couleur locale"" se retrouvent publiées comme des actualités nationales.",[1] Answer (Summary) [2] Answer [3] Answer (Summary),2r5bge,cncldyw,"[1] Answer (Summary) [2] Answer,Auxiliary Information [3] Answer,Answer (Summary)"
"Pourquoi certains musulmans se sentent-ils offensés par les images de Mahomet ? [1] Dans l'islam, les portraits et les photos de leurs figures sont interdits. [2] Allez visiter une mosquée. . [3] Pas de photos, mais beaucoup d'art géométrique et de calligraphie arabe.",[1] Answer (Summary) [2] Answer - Example [3] Answer - Example,2roz9j,cnhwjol,"[1] Answer (Summary) [2] Answer - Example,Miscellaneous [3] Answer - Example,Auxiliary Information"
"Pourquoi les plafonds de tant de supermarchés sont-ils si hauts ? [1] Cela donne l'impression d'un espace ouvert et moins encombré, et permet de mettre en place des présentoirs qui exploitent la hauteur, tels que des panneaux visibles partout dans le magasin. [2] Cela facilite également le déplacement des marchandises avec des engins tels que des chariots élévateurs. [3] Des expériences psychologiques ont montré que les gens n'aiment pas être dans des espaces avec des plafonds bas. [4] Certains aéroports ont utilisé des plafonds bas dans des endroits où ils ne veulent pas que les gens s'attardent, comme à l'avant de la file d'enregistrement. [5] édition : enregistrement, pas sortie.",[1] Answer (Summary) [2] Answer (Summary) [3] Answer [4] Auxiliary Information [5] Miscellaneous,2sdkyv,cnoh4lx,"[1] Answer (Summary) [2] Answer (Summary) [3] Answer,Answer (Summary),Auxiliary Information [4] Answer - Example,Auxiliary Information [5] Miscellaneous"
"Pourquoi les plafonds de tant de supermarchés sont-ils si hauts ? [1] Le plus grand avantage de la hauteur se trouve en cas d'incendie. [2] Des plafonds plus élevés permettent à la fumée et à la chaleur de s'accumuler plus longtemps avant d'affecter les choses plus près du sol (par exemple, les personnes, la charge d'incendie/les combustibles). [3] La hauteur permet également d'installer des systèmes de lutte contre l'incendie qui couvrent une plus grande surface avec moins de composants, tels que des têtes d'arrosage. [4] De plus, il est généralement plus facile de contrôler le climat dans un espace plus grand avec des volumes d'air plus importants (échanges par heure) qui ne sont pas aussi perceptibles en un seul endroit. [5] (Sauf pour ces zones agaçantes de gel ou de chaleur où les flux d'air sont concentrés.) [6] Les unités de traitement de l'air de ces systèmes peuvent également être configurées pour être utilisées après un incendie afin d'aider à évacuer la fumée d'un bâtiment, soit par l'extraction soit par la mise en pression du bâtiment (ventilation en pression négative et positive, respectivement). [7] Les coûts de construction ont tendance à être légèrement plus élevés en raison des colonnes plus longues (plus hautes) nécessaires, qui doivent à leur tour être plus solides en raison de systèmes de toiture plus grands, tels que des solives ou des fermes. [8] De tels coûts peuvent être en partie compensés en réduisant le nombre de colonnes requis. [9] Lorsque les concepteurs ont pour objectif de créer un "espace ouvert", indépendamment de la hauteur des plafonds, de plus grandes colonnes avec des systèmes de toiture plus solides permettent d'augmenter l'espacement des colonnes, "ouvrant" ainsi l'espace. [10] Cependant, ce n'est pas toujours le cas, notamment dans les structures à plusieurs étages où un poids/charge significatif sur les étages supérieurs nécessite des colonnes de tailles ou d'espacement différents (par exemple, les aéroports, les rampes de stationnement, les hôtels). [11] Les coûts d'exploitation ont tendance à être plus élevés, mais il s'agit d'un compromis entre l'espace/affect souhaité et ce qui est considéré comme des dépenses d'exploitation raisonnables. [12] Ces facteurs sont pris en compte lors de la phase de conception des projets, de sorte que le propriétaire/l'exploitant sache dès le début à quoi s'attendre. [13] Ces facteurs contribuent également à des modifications de conception si les coûts sont jugés déraisonnables ou dépassent les objectifs fixés. [14] Source : Ingénieur le jour, pompier la nuit. [15] Édition : Informations supplémentaires concernant les coûts.",[1] Answer (Summary) [2] Answer [3] Answer [4] Answer (Summary) [5] Auxiliary Information [6] Auxiliary Information [7] Auxiliary Information [8] Auxiliary Information [9] Auxiliary Information [10] Auxiliary Information [11] Auxiliary Information [12] Auxiliary Information [13] Auxiliary Information [14] Miscellaneous [15] Miscellaneous,2sdkyv,cnohlgh,"[1] Answer,Answer (Summary) [2] Answer,Answer (Summary) [3] Answer,Answer (Summary) [4] Answer (Summary) [5] Auxiliary Information [6] Answer,Auxiliary Information [7] Answer,Auxiliary Information [8] Answer,Auxiliary Information [9] Answer,Auxiliary Information [10] Auxiliary Information [11] Auxiliary Information [12] Auxiliary Information [13] Auxiliary Information [14] Miscellaneous [15] Miscellaneous"
"Dans Le Seigneur des Anneaux, pourquoi les orques perdent-ils tout le temps même avec des avantages numériques ? [1] Je suppose que c'est parce qu'ils ont été créés en grand nombre pour obtenir des effectifs, mais ils n'ont jamais été correctement entraînés comme une armée comme le reste de la population de la Terre du Milieu. [2] Ainsi, même s'ils ont la force numérique, ils manquent de la stratégie appropriée pour utiliser leur plein potentiel. [3] Mais ce n'est qu'une théorie.",[1] Answer [2] Answer (Summary) [3] Miscellaneous,2shm05,cnpjdus,"[1] Answer,Answer (Summary) [2] Answer,Answer (Summary) [3] Miscellaneous"
"Comment l'Allemagne a-t-elle pu retrouver sa force et sa position dans la communauté mondiale si rapidement après avoir déclenché deux guerres mondiales ? [1] Parce que l'Allemagne n'était pas vraiment elle-même avant 1992. [2] Après la Seconde Guerre mondiale, les principaux concurrents se sont partagé un quart de Berlin chacun, puis il y a eu la guerre froide, et pendant ce temps, l'Allemagne a commencé à se développer à nouveau, en finissant par abattre ce mur irritant et en se réunifiant. [3] Cette réunification a fait que l'Allemagne était considérée comme vraiment l'Allemagne à nouveau, mais avant cela, le pays était encore en reconstruction et productif. [4] Cela a donné l'impression d'une reprise rapide, mais je ne suis pas sûr que ce fut réellement rapide, plutôt qu'une période de distraction.",[1] Answer (Summary) [2] Answer (Summary) [3] Answer [4] Answer (Summary),2vfma6,coh64kw,"[1] Answer,Answer (Summary),Auxiliary Information [2] Answer,Answer (Summary) [3] Answer,Answer (Summary) [4] Answer,Answer (Summary)"
"Comment l'effet papillon pourrait-il fonctionner littéralement ? [1] Le papillon fait voleter du pollen d'une fleur. [2] Le pollen se retrouve dans le nez d'un animal de troupeau, ce qui le fait éternuer. [3] L'éternuement effraie le troupeau, qui se met à paniquer et à charger. [4] La charge soulève un nuage de poussière. [5] Le nuage de poussière provoque un changement climatique local qui finit par se transformer en ouragan. [6] (J'oublie les étapes après le nuage de poussière.)",[1] Answer (Summary) [2] Answer (Summary) [3] Answer (Summary) [4] Answer (Summary) [5] Answer (Summary) [6] Miscellaneous,31m33z,cq2tmvc,[1] Answer (Summary) [2] Answer (Summary) [3] Answer (Summary) [4] Answer (Summary) [5] Answer (Summary) [6] Miscellaneous
"Als Charlie Sheen gefeuert wurde, warum haben die Produzenten ihn nicht einfach verklagt, weil er seine Arbeit nicht gemacht hat und ihm nicht unmengen an Geld bezahlt, um seinen Vertrag zu beenden? [1] Unterhaltungsverträge sind kompliziert. [2] Und Charlie und sein Team wissen, wie er weiterhin die Anforderungen seines Vertrags erfüllen und bezahlt werden kann. [3] Der Vertrag hatte wahrscheinlich (les: er hatte es absolut) Zahlungen bei Beendigung und Klauseln für Ausstiegsmöglichkeiten für beide Seiten. [4] Aus welchen Gründen auch immer haben sich die Produzenten entschieden, ihn zu feuern, um ihn daran zu hindern, seinen Vertrag zu erfüllen und Konflikte zu verursachen.",[1] Answer (Summary) [2] Answer [3] Answer [4] Answer,32dj3p,cqa706f,"[1] Answer,Answer (Summary),Auxiliary Information [2] Answer [3] Answer,Answer (Summary),Auxiliary Information [4] Answer,Answer (Summary)"
"Weshalb ist Nacktheit so ein großes Thema? [1] Wenn einige weibliche Tiere in Hitze sind, unternehmen sie Aktionen, die als Präsentation bezeichnet werden und ihre Bereitschaft zur Fortpflanzung signalisieren, was bei einigen Arten hormonelle Kaskaden bei Männchen auslöst und sie im Wesentlichen zu geilen Fickhasen macht. [2] Menschliche Frauen sind das ganze Jahr über fruchtbar und menschliche Männer werden durch allerlei Anzeigen erregt, einige instinktiv, andere konditioniert. [3] Es gibt alle Arten von dysfunktionalen Verhaltensweisen, die Männer annehmen, wenn sie vermuten, dass eine Frau in ihrer Nähe sexuelle Bereitschaft signalisiert. [4] Manche scherzen, dass Männer nur mit einem Kopf gleichzeitig denken können. [5] Und die Väter vieler menschlicher Frauen lassen es sich verdammt sein, wenn sie zulassen, dass sie sich vor diesem Schulabbrecher-Junkie auszieht, der sie gerne süß redet. [6] In den meisten modernen Gesellschaften ist es vor einem Mann der Spezies typischerweise ein Signal für Geschlechtsverkehr, nackt zu sein, und umgekehrt.",[1] Answer [2] Answer [3] Answer [4] Auxiliary Information [5] Answer - Example [6] Answer (Summary),34mymv,cqw71m3,"[1] Answer,Auxiliary Information [2] Answer,Answer (Summary),Auxiliary Information [3] Answer,Auxiliary Information [4] Auxiliary Information [5] Answer - Example,Auxiliary Information [6] Answer (Summary)"
"Wie funktioniert ein lüfter ohne flügel? [1] Es gibt einen kleinen Impeller (eine spezielle Art von Hochleistungslüfter) in der Basis, der Luft aus der Basis ansaugt und durch Löcher am Rand des Rings drückt (der gesamte Ring ist hohl). [2] Die Luft, die durch den Rand des Rings gedrückt wird, saugt noch mehr Luft durch die Mitte an. [3] [Hier ist eine Diagramm der Innenseiten](_URL_0_) [4] Bearbeitung: Tatsächlich handelt es sich um einen Impeller (Danke für die Klarstellung, Leute), eine Turbine = alles, was Energie aus einem bewegten Gas/Flüssigkeit sammelt.",[1] Answer (Summary) [2] Answer [3] Miscellaneous [4] Auxiliary Information,3bowli,cso4g7f,"[1] Answer (Summary) [2] Answer [3] Miscellaneous [4] Auxiliary Information,Miscellaneous"
"Warum ist der Schöpfer von Piratebay im Gefängnis, wenn es die Benutzer waren, die illegale Inhalte hinzugefügt haben? [1] Pirate Bay hat keine vorsichtigen Schritte unternommen, um sich zu schützen. [2] Das ist das Problem. [3] In den meisten Fällen kann eine Hosting-Website nicht für die Verbreitung urheberrechtlich geschützter oder illegaler Materialien belangt werden, weil - wie Sie sagen - die Benutzer das tun. [4] Wenn jedoch illegale Aktivitäten der Hosting-Site bekannt gemacht werden und sie nichts dagegen unternimmt, kann argumentiert werden, dass sie es wissentlich und willentlich zulässt. [5] Wir können Reddit als Beispiel verwenden. [6] Als die durchgesickerten Promi-Fotos auftraten, verbannten sie das Subreddit, das sie postete. [7] Sie wurden über die Weitergabe illegaler Aktivitäten informiert und sie unternahmen eine vorsichtige Maßnahme, um dies zu verhindern. [8] Das bedeutet nicht, dass Reddit aktiv nach illegalen Inhalten suchen muss, aber sie können es nicht einfach ignorieren, wenn es ihnen bekannt gemacht wird.",[1] Answer (Summary) [2] Answer (Summary) [3] Answer [4] Answer (Summary) [5] Answer (Summary) [6] Answer - Example [7] Answer - Example [8] Answer - Example [9] Answer - Example,3eb7rq,ctd90bc,"[1] Answer,Answer (Summary) [2] Answer (Summary) [3] Answer,Answer - Organizational sentence [4] Answer,Answer (Summary),Auxiliary Information [5] Answer,Answer (Summary) [6] Answer - Example [7] Answer - Example [8] Answer - Example [9] Answer - Example"
"Wenn Hunde mit ihrem Schwanz wedeln und ihn gegen eine harte Oberfläche schlagen, tut es ihnen weh? [1] Schmerz- und Erregungsrezeptoren sind eng miteinander verbunden. [2] Wenn Hunde aufgeregt sind, spüren sie Schmerzen weniger als Schmerzen. [3] Aus demselben Grund spürt man während des Geschlechtsverkehrs weniger Schmerzen.",[1] Answer (Summary) [2] Answer (Summary) [3] Auxiliary Information,3ehnwf,ctf3aor,"[1] Answer,Answer (Summary) [2] Answer (Summary) [3] Answer - Example,Auxiliary Information"
"Warum verkaufen die meisten Restaurants Pepsi statt Coke, obwohl Coke als größerer Konkurrent angesehen wird? [1] Coke verkauft viel mehr Limonade nach Volumen als Pepsi. [2] Als Reaktion bietet Pepsi seine Produkte zu einem reduzierten Preis für Restaurants an, weshalb viele Restaurants es führen. [3] Aber nur bis hin zu mittelständischen Orten - kein schönes Restaurant serviert Pepsi, weil Coke mehr Ansehen hat und auch für Mixgetränke benötigt wird. [4] Beachten Sie auch, dass McDonald's, die größte Restaurantkette der Welt, Coke serviert.",[1] Answer (Summary) [2] Answer (Summary) [3] Auxiliary Information [4] Auxiliary Information,3h3caw,cu3uq0l,"[1] Answer (Summary) [2] Answer (Summary) [3] Answer,Auxiliary Information [4] Answer,Answer - Example,Auxiliary Information"
"Was passiert, wenn eine kleine Hündin mit einem großen Rüden paart? [1] Nun, bei einer Kombination aus einem Chihuahua und einer Dogge würde der Paarungsakt höchstwahrscheinlich den Chihuahua töten. [2] Aber nehmen wir an, dass sie ohne schwerwiegende Verletzungen überlebt und schwanger wird (oder künstlich befruchtet wird), dann würden sie beim Wachsen des Welpen große Probleme haben und er würde höchstwahrscheinlich aufgrund der Mischung der Gene größer als seine Eltern sein und sterben. [3] Wenn der Größenunterschied zu groß ist und die Hündin klein ist, wird sie fast immer sterben, bevor sie gebären kann, da sie nicht groß genug ist, um das Jungtier zur Welt zu bringen.",[1] Answer - Example [2] Answer [3] Answer (Summary),3i0eu7,cuc652y,"[1] Answer,Answer - Example [2] Answer,Answer - Example [3] Answer (Summary)"
"Warum ist die Taktfrequenz von CPUs fast unwichtig geworden? [1] Stellen Sie sich die Taktfrequenz als Geschwindigkeit einer Fließbandmontagelinie vor. [2] Sie können die Arbeit beschleunigen, indem Sie die Geschwindigkeit erhöhen, aber dies kann nur bis zu einem gewissen Punkt geschehen, bevor es zu Fehlern in der Produktion durch die Arbeiter (d.h. elektronische Komponenten) kommt. [3] Sie können die Produktion auch erhöhen, indem Sie die Reihenfolge verbessern, in der die Arbeit abgeschlossen wird, damit bestimmte Arbeiter nicht auf Arbeit warten müssen. [4] Sie können auch einen weiteren Satz Arbeiter auf derselben Montagelinie betreiben, um fast doppelt so viel Arbeit in derselben Zeit zu erledigen.",[1] Answer - Example [2] Answer (Summary) [3] Answer - Example [4] Answer - Example,3j8tgj,cun7y09,"[1] Answer - Example [2] Answer (Summary) [3] Answer,Answer - Example [4] Answer,Answer - Example"
"Warum können Handys mit einer so kleinen Antenne über so große Entfernungen kommunizieren, während mein Router kaum mein Haus abdecken kann? [1] Zwei Gründe: [2] * WLAN arbeitet typischerweise mit 100 mW, während Mobiltelefone bis zu 2000 mW übertragen dürfen. [3] * WLAN arbeitet bei einer höheren Frequenz, die von Wänden usw. leichter blockiert wird. [4] Dies ist beabsichtigt. [5] WLAN-Verbindungen wurden von Hobbyisten mit aufgerüsteten Routern über lange Strecken (Meilen) hergestellt, aber das widerspricht dem Zweck des Hausgebrauchs, weil wenn alle Router so weit reichen würden, würden sie sich gegenseitig stören und die Verbindung langsamer machen.",[1] Answer - Organizational sentence [2] Answer (Summary) [3] Answer (Summary) [4] Auxiliary Information [5] Answer,3n043j,cvjrdl9,"[1] Answer - Organizational sentence [2] Answer,Answer (Summary) [3] Answer (Summary),Auxiliary Information [4] Answer,Auxiliary Information,Miscellaneous [5] Answer,Auxiliary Information"
"Wie konnte Russland so viele der Bodenanlagen und Vorräte von ISIS zerstören, während die USA seit Jahren gegen ISIS kämpfen und sie per Drohne angreifen, aber nicht solche Siege in so kurzer Zeit erzielt haben? [1] Ich habe das in einem anderen Thread gesehen, also poste ich es hier erneut... Kredit geht an den Reddit-User /u/thef1guy [2] Die US-Strategie wird von Militärplanern als "Funnelling" bezeichnet. [3] Das Ziel war nicht, die Kommando- und Kontrollzentren von ISIS(S) zu zerstören, sondern ihre Angriffsrouten in Richtung der Assad-Truppen zu lenken. [4] Wenn von der CIA unterstützte Rebellen von ISIS-Einheiten in die Enge getrieben werden, werden Verteidigungsangriffe gestartet, um sie davon abzuhalten, voranzukommen und sie damit in Richtung der Assad-Truppen zu drängen. [5] Das ist der Grund, warum die USA und ihre Koalition tausende von Präzisionsangriffen durchgeführt haben, die wenig Auswirkungen auf die Machtprojektion und das Wachstum von ISIS(S) am Boden hatten. [6] Wenn die USA wirklich den Kern von ISIS(S) zerstören wollten, hätten sie es bereits getan. [7] Russland hat offensichtlich beobachtet, dass die "Funnelling"-Strategie die Truppen von Assad in die Ecke gedrängt hat, mit von der CIA unterstützten Rebellen und ISIS(S), die sie von beiden Seiten angreifen. [8] Assads Nachschublinien waren gestreckt und das Regime war kurz vor dem Zusammenbruch. [9] Russland musste intervenieren und dieses Mal sind ihre Angriffe tatsächlich so ausgelegt, dass sie alles attackieren, was nicht die syrische Regierung betrifft, und es ist klar, dass dies beginnt, die gegnerischen Kräfte zu verunsichern und die US-Militärstrategie zu stören. [10] Die Russen sind nicht dumm, sie haben genug Informationen, um zu wissen, was los ist, und reagierten zur perfekten Zeit.",[1] Miscellaneous [2] Answer [3] Answer (Summary) [4] Answer - Example [5] Answer [6] Auxiliary Information [7] Answer [8] Auxiliary Information [9] Answer (Summary) [10] Auxiliary Information,3p3sdy,cw2yicv,"[1] Miscellaneous [2] Answer,Answer (Summary) [3] Answer (Summary) [4] Answer - Example,Auxiliary Information [5] Answer,Answer (Summary) [6] Answer,Auxiliary Information [7] Answer,Answer (Summary),Auxiliary Information [8] Answer,Auxiliary Information [9] Answer (Summary),Auxiliary Information [10] Answer,Auxiliary Information"
"Warum wird die US-Verfassung so hoch geschätzt? [1] Die Verfassung der Vereinigten Staaten stellt einen sehr schwierigen Kompromiss dar, der viele Staaten zu einem Land vereinte. [2] Wenn man sich einige der hitzigen politischen Debatten während der Entstehung unseres Landes ansieht, wird man erstaunt sein, dass wir jemals miteinander ausgekommen sind, geschweige denn so erfolgreich waren. [3] Obwohl es im Vergleich zu anderen Verfassungen ein sehr kurzes Dokument ist, musste es nie neu geschrieben werden und musste viel seltener geändert werden. [4] Unser Verfassungssystem ist nie zusammengebrochen oder ausgesetzt worden. [5] Selbst während des Bürgerkriegs, als das Verfassungssystem am meisten gefährdet war, setzten die gewöhnlichen Funktionen des Staates (Wahlen, gerichtliche Überwachung usw.) im Norden fort. [6] Die Verfassung ist bemerkenswert, weil sie nicht alles bis ins kleinste Detail ausformulieren muss, wie zum Beispiel die Verfassung Indiens. [7] Ihre Bestimmungen sind von gewöhnlichen Menschen leicht verständlich, und die feine Anwendung dieser Prinzipien auf konkrete Fälle obliegt dem Gerichtszweig. [8] Die Verfassung ist sicherlich nicht perfekt. [9] Aber sie hat uns sehr gut gedient, und wenn man sich die politischen Krisen anderer Länder ansieht, die wir vermieden haben, gehört sie sicherlich zu den großen politischen Dokumenten der westlichen Zivilisation. [10] Es stört Sie, dass die Verfassung nicht genau das ist, was Sie wollen. [11] Dass einige Aspekte diskutierbar sind. [12] Das ist eine gute Sache - denn sonst wäre das Land schon lange zusammengebrochen.",[1] Answer (Summary) [2] Auxiliary Information [3] Answer (Summary) [4] Answer [5] Answer - Example [6] Answer [7] Answer [8] Auxiliary Information [9] Answer [10] Miscellaneous [11] Miscellaneous [12] Miscellaneous,3ql3y9,cwg3ppg,"[1] Answer (Summary) [2] Answer (Summary),Auxiliary Information [3] Answer,Answer (Summary) [4] Answer,Answer (Summary) [5] Answer,Answer - Example [6] Answer,Answer (Summary) [7] Answer,Answer (Summary),Answer - Example [8] Auxiliary Information,Miscellaneous [9] Answer [10] Auxiliary Information,Miscellaneous [11] Auxiliary Information,Miscellaneous [12] Auxiliary Information,Miscellaneous"
"Warum dachte die NATO, es sei eine gute Idee, die Türkei als Mitglied zu haben? [1] Geographie. [2] Die Türkei kontrolliert die Bosporus-Straße, die das Schwarze Meer vom Mittelmeer trennt. [3] Während des Kalten Krieges war die Kontrolle dieser Straße absolut entscheidend. [4] Die Marine der UdSSR war für große Teile des Jahres eingeschränkt, wenn der Winter ihre anderen Häfen einfrieren würde. [5] Nur die Häfen im Schwarzen Meer bleiben 100% des Jahres eisfrei. [6] Die Türkei lag auch sehr nahe an Russland, und die USA platzierten mehrere Atomwaffen in der Türkei bis zur Kubakrise.",[1] Answer (Summary) [2] Answer [3] Answer [4] Answer [5] Answer [6] Answer,3uf0dn,cxebaoi,"[1] Answer (Summary) [2] Answer [3] Answer,Answer - Example [4] Answer,Answer - Example,Auxiliary Information [5] Answer,Auxiliary Information [6] Answer,Answer (Summary)"
"Was passiert, wenn ich eine Nadel (Medizin, Drogen usw.) in mich selbst injiziere und sie nicht in eine Vene gelangt? Zum Beispiel in meine Handfläche oder an einer zufälligen Stelle auf meinem Arm. [1] Hier ist ein medizinischer Doktor. [2] Viele Medikamente sollen entweder unter die Haut in das Fettgewebe (subkutan/SC) oder in das Muskelgewebe (intramuskulär/IM) injiziert werden. [3] Insulin und einige Blutverdünner werden beispielsweise SC injiziert, während die meisten Impfstoffe IM verabreicht werden. [4] Viele Medikamente können sowohl intravenös (IV) als auch IM oder SC verabreicht werden. [5] Der Hauptunterschied bei den SC/IM-Routen besteht darin, dass das Medikament langsamer in den Blutkreislauf aufgenommen wird, was in bestimmten Situationen bevorzugt sein kann. [6] Andere Medikamente können jedoch katastrophal sein, wenn sie aus einer Vene austreten ("extravasieren"). [7] Es handelt sich hierbei oft um hochkonzentrierte, hyperosmolare Lösungen wie hypertone Kochsalzlösung, Calciumchlorid oder das für CT-Scans verwendete IV-Kontrastmittel. [8] Das Ergebnis ist oft die Nekrose (Absterben) des betroffenen Gewebes, Schmerzen, Schwellungen und das Kompartmentsyndrom, das die Blutzufuhr zur betroffenen Extremität abschneiden und zu Amputationen führen kann. [9] Wenn es um Freizeitdrogen wie Heroin geht, ist die Intensität des "Rausches" relativ zur Geschwindigkeit, mit der das Medikament ins Gehirn gelangt. [10] Wenn Sie also in eine Vene injizieren, wird das Medikament innerhalb von Sekunden in hoher Konzentration ins Gehirn gelangen, mit dem resultierenden "Schub", dem IV-Heroin-Anwender hinterherjagen. [11] Wenn Sie die Vene verfehlen, geht das Heroin wahrscheinlich IM oder SC, sodass es langsamer in den Blutkreislauf und das Gehirn gelangt und einen weniger intensiven Rausch verursacht. [12] Viele langjährige Heroinabhängige haben ihre Venen so stark vernarbt, dass sie auf "Hautpopping" zurückgreifen müssen, was im Wesentlichen eine SC-Injektion oder manchmal eine oberflächlichere "intradermale" Injektion ist. [13] Dies führt oft zu schrecklichen Haut- und Weichteilinfektionen und Abszessen. [14] Alle diese schrecklichen Bilder von "Krokodil"-Benutzern und ihren schrecklichen nekrotisierenden Hautinfektionen, die auf Reddit herumgeistern, sind das Ergebnis von chronischen Hautpoppings und IM-Drogeninjektionen.",[1] Miscellaneous [2] Answer (Summary) [3] Answer - Example [4] Auxiliary Information [5] Answer (Summary) [6] Answer (Summary) [7] Answer - Example [8] Answer (Summary) [9] Answer - Example [10] Answer - Example [11] Answer - Example [12] Answer - Example [13] Answer - Example [14] Auxiliary Information,3wunwb,cxzimz9,"[1] Miscellaneous [2] Answer (Summary),Auxiliary Information [3] Answer - Example,Auxiliary Information [4] Answer,Auxiliary Information [5] Answer,Answer (Summary) [6] Answer,Answer (Summary) [7] Answer,Answer - Example,Auxiliary Information [8] Answer,Answer (Summary) [9] Answer - Example [10] Answer - Example [11] Answer - Example [12] Answer - Example [13] Answer - Example,Auxiliary Information [14] Answer - Example,Auxiliary Information,Miscellaneous"
"Wie konnte der damals 32-jährige Martin Shkreli so viel Macht erlangen? [1] Geschäft ist insgesamt ein Spiel zwischen Menschen. [2] Diejenigen, die besser darin sind, mit Menschen, die Geld haben, zu interagieren, tendieren dazu, erfolgreicher zu sein. [3] Martin Shkreli betrieb einen Teil-Ponzi-Betrug, wenn Sie die Nachrichten verfolgt haben. [4] Ich denke, er konnte irgendwann nicht genug Investoren gewinnen und wandte sich daher dem Preisdumping zu, um ausreichende Finanzierung zu erhalten. [5] Im Allgemeinen denke ich, dass jeder CEO sein kann, man muss nur Leute kennen und rekrutieren können. [6] Die meisten Menschen scheinen sich nur darauf zu konzentrieren, dass sie die Mittel bereitstellen müssen, um ein Geschäft aufzubauen, wenn alles, was Sie wirklich tun müssen, ist einem reichen Menschen zu beweisen, warum er in Sie investieren sollte, und schon können Sie jedes Unternehmen gründen, das Sie wollen. [7] Ich sage nicht, dass Sie jemandem wundersame Heilmittel verkaufen könnten, die Hühner von AIDS heilen, aber geschickte Menschen könnten jemanden reich glauben machen, dass Ihr Huhn Aids heilen oder das Risiko, an AIDS zu erkranken, erheblich reduzieren kann - es wäre eine sehr lohnende Investition. [8] Es ist ein schlechtes Beispiel, aber es zeigt trotzdem einen Punkt auf. [9] Machen Sie die Leute glauben.",[1] Answer [2] Answer (Summary) [3] Answer (Summary) [4] Answer [5] Auxiliary Information [6] Auxiliary Information [7] Answer - Example [8] Miscellaneous [9] Answer,3xjyiy,cy5aofn,"[1] Answer,Auxiliary Information [2] Answer (Summary),Auxiliary Information [3] Answer (Summary),Auxiliary Information [4] Answer,Auxiliary Information [5] Answer,Auxiliary Information [6] Answer,Auxiliary Information [7] Answer - Example,Auxiliary Information [8] Answer - Example,Miscellaneous [9] Answer"
"Warum bauen Amerikaner Häuser ausschließlich aus Holz in Gebieten, wo Wirbelstürme oder Tornados einem Haus aus Ziegelstein oder Beton kaum etwas anhaben würden? [1] 1. [2] Bei extrem gewaltigen Tornados, die ganze Städte auslöschen, kann praktisch keine Struktur, unabhängig vom Material, dem Wind standhalten und dennoch vernünftig im Preis bleiben. [3] Stattdessen haben die meisten Häuser in tornadoanfälligen Gebieten viel sicherere und billigere unterirdische Schutzräume. [4] ([Hier ist ein Banktresor, in dem 23 Menschen Schutz suchten und der einem EF5-Tornado standhielt](_URL_0_). [5] Wie Sie sehen können, schützte er die Insassen, erlitt aber dennoch erheblichen Schaden. [6] Die meisten Menschen können es sich nicht leisten oder wollen wirklich nicht in einem fensterlosen Banktresor leben.) [7] 2. [8] Bei weniger gewaltigen Tornado-Stürmen durchquert der Tornado nur einen sehr schmalen Pfad, so dass die Chance, von einem Tornado getroffen zu werden, sehr gering ist und es einfach nicht kosteneffektiv ist, jedes Haus abzureißen und durch Häuser aus Ziegelstein zu ersetzen. [9] Die meisten neuen Siedlungen in diesen Gebieten sind stärker und können einem milden Tornado standhalten. [10] 3. Fliegende Trümmer sind eine Hauptursache für Tod und Verletzungen. [11] Holz zerbricht in kleinere und leichtere Stücke, während Ziegel und Beton nicht leicht zerbrechen. Sie stellen eine viel gefährlichere Gefahr dar.",[1] Miscellaneous [2] Answer (Summary) [3] Answer [4] Miscellaneous [5] Answer - Example [6] Answer - Example [7] Miscellaneous [8] Answer (Summary) [9] Answer [10] Answer [11] Answer (Summary),3yhz25,cydmdoi,"[1] Answer - Organizational sentence,Miscellaneous [2] Answer,Answer (Summary) [3] Answer,Answer (Summary) [4] Answer - Example,Miscellaneous [5] Answer - Example [6] Answer,Answer - Example,Miscellaneous [7] Answer - Organizational sentence,Miscellaneous [8] Answer (Summary) [9] Answer,Auxiliary Information [10] Answer [11] Answer (Summary)"
"Wie sollen Menschen den Unterschied zwischen einem legalen offenen Träger und einem aktiven Schützen wissen, der noch nicht angefangen hat zu schießen? [1] Geschichten von Polizei, die wegen offenen Trägern gerufen werden, sind üblich. [2] Deshalb tragen die überwiegende Mehrheit der Menschen, die eine Waffe bei sich tragen, sie verdeckt. [3] Es ist jedoch ziemlich einfach, den Unterschied zwischen einem offenen Träger und einem aktiven Schützen festzustellen: [4] Offene Träger müssen ihre Waffen gesetzlich vorgeschrieben in einer Halterung tragen oder anderweitig nicht griffbereit haben. [5] Mit einer Waffe in der Hand herumzulaufen ist eine illegale Tat des Waffenschwenkens nach jedem staatlichen Gesetz, das ich je gesehen habe. [6] Unter den wenigen Menschen, die häufig offen tragen, machen viele auch einen Punkt daraus, sich ordentlich zu kleiden, weil sie feststellen, dass dadurch die Chancen verringert werden, dass die Polizei gerufen wird.",[1] Auxiliary Information [2] Auxiliary Information [3] Answer - Organizational sentence [4] Answer (Summary) [5] Answer [6] Answer (Summary),439937,czggyo0,"[1] Auxiliary Information [2] Auxiliary Information [3] Answer,Answer - Organizational sentence [4] Answer (Summary) [5] Answer,Auxiliary Information [6] Answer,Answer (Summary),Auxiliary Information"
"Warum hat Walmart im Ausland Schwierigkeiten, obwohl es in der Lage war, den US-amerikanischen Markt vollständig zu dominieren? [1] Ich lebe in Deutschland, wo Walmart spektakulär scheiterte. [2] Das größte Problem scheint zu sein, dass Walmart versäumt hat, zu verstehen, wie kulturelle Unterschiede ins Spiel kommen; zu den Problemen, die für das Scheitern von Walmart in Deutschland verantwortlich gemacht werden, gehören: [3] * überambitionierte Expansionspläne, die trotz der Tatsache vorangetrieben wurden, dass ein deutsches Unternehmen erfolgreich eine feindliche Übernahme abgewehrt hatte, zu einer Zeit, als Walmart in Deutschland noch sehr klein war;
* Versuche, Kosten zu senken, indem man Arbeitnehmern mit Entlassung drohte, wenn sie Arbeitspraktiken akzeptierten, die in Deutschland fast illegal waren;
* von einem deutschen Gericht gezwungen zu werden, deutsches Recht einzuhalten, indem man Finanzberichte veröffentlichte, die zeigten, dass das Unternehmen viel schlechter dastand, als es behauptet hatte;
* Mitarbeiter und Kunden gleichermaßen zu nerven, indem man auf Richtlinien bestand, die in den USA gut funktionieren, aber die Deutsche als unheimlich empfinden, wie zum Beispiel die Beschäftigung von Türstehern oder das Anbieten von Hilfe für jeden Kunden, der in Reichweite kommt (Deutsche bevorzugen es, alleine einzukaufen und sich an Mitarbeiter zu wenden, wenn und wann sie Hilfe benötigen). [4] Der Fehler war, dass man versäumte zu verstehen, dass Gesetze, Erwartungen und kulturelle Einstellungen in anderen Ländern sehr unterschiedlich sind und dass die Nichtbeachtung dieser Faktoren das Geschäft ruinieren kann. [5] Das heißt nicht, dass Walmart außerhalb der USA völlig erfolglos ist. [6] Zum Beispiel besitzt Walmart Asda, das bis vor ein paar Jahren die zweitgrößte Supermarktkette Großbritanniens war.",[1] Miscellaneous [2] Answer (Summary) [3] Answer - Example [4] Answer [5] Auxiliary Information [6] Auxiliary Information,4b3m9a,d15s4zs,"[1] Miscellaneous [2] Answer,Answer (Summary) [3] Answer,Answer (Summary),Answer - Example [4] Answer,Answer (Summary) [5] Auxiliary Information,Miscellaneous [6] Answer - Example,Auxiliary Information"
"Warum finanzieren Nationen Terrorismus? [1] Mein Nachbar kann ein echter Arsch sein, also kaufe ich manchmal den Kindern aus der Nachbarschaft Fußbälle, die gelegentlich gegen seine Fenster getreten werden. [2] Aber du kannst nicht beweisen, dass ich es war, und er auch nicht. [3] Und dann hast du das ganze "Ein Manns Terrorist ist ein anderer Manns Freiheitskämpfer". [4] Europa und die USA würden niemals Terroristen unterstützen, aber sie werden die syrischen Rebellen, die ukrainischen Rebellen (vielleicht) und so weiter unterstützen... [5] Ob du es für richtig oder falsch hältst, es geht letztendlich darum, Menschen zu unterstützen, die gegen deine Feinde kämpfen.",[1] Answer - Example [2] Answer - Example [3] Answer [4] Answer - Example [5] Answer (Summary),4dgbhp,d1qmcnj,"[1] Answer - Example,Miscellaneous [2] Answer - Example,Miscellaneous [3] Answer,Answer (Summary),Miscellaneous [4] Answer,Answer (Summary),Answer - Example [5] Answer (Summary)"
"Beeinträchtigt Marihuana die Fahrfähigkeit? [1] Cannabis ist eine depressiv wirkende Droge, was bedeutet, dass sie die Übertragung von Signalen zwischen Gehirn und Körper verlangsamt. [2] Bei großen Dosen kann es auch halluzinogene Wirkungen haben. [3] Cannabis kann zu reduzierter Koordination, langsameren Reaktionszeiten, langsamerer Informationsverarbeitung, Verwirrung, Veränderungen der Sicht, des Gehörs sowie der Raum- und Zeitwahrnehmung führen. [4] Eine Person, die Cannabis konsumiert hat, kann denken, dass sie sicher Auto fahren kann. [5] Das Cannabis kann jedoch ihre Wahrnehmung und Erfahrung der Realität sowie ihr Urteilsvermögen beeinflusst haben. [6] Ihre Handlungen und Reaktionen können stark von dem abweichen, was tatsächlich benötigt wird, aber sie sind sich möglicherweise nicht bewusst, wie sehr ihre Fahrfähigkeiten beeinträchtigt wurden. [7] Selbst nach einer geringen Menge an Cannabis sollte man mindestens 5 Stunden lang nicht fahren. [8] (Von: _URL_0_)",[1] Answer [2] Answer [3] Answer [4] Answer [5] Answer [6] Answer [7] Auxiliary Information [8] Miscellaneous,4lnk7x,d3oqjap,"[1] Answer,Answer (Summary) [2] Answer,Auxiliary Information [3] Answer,Answer (Summary) [4] Answer,Answer (Summary),Answer - Example [5] Answer,Answer (Summary),Answer - Example [6] Answer,Answer - Example [7] Answer (Summary),Auxiliary Information [8] Miscellaneous"
"Pourquoi d'autres nations industrialisées de l'époque (France, Grande-Bretagne) n'ont-elles pas participé à la course à l'espace ? [1] Deuxième Guerre mondiale. [2] Ils étaient quelques décennies derrière les États-Unis et l'URSS en raison de la nécessité de reconstruire leurs infrastructures et leurs villes après que la Seconde Guerre mondiale ait détruit des segments relativement importants. [3] Mais certains, comme la France, y ont participé dans une certaine mesure. [4] Vous avez également le fait que l'Allemagne n'était pas autorisée à faire quoi que ce soit ressemblant à des armes (ce que sont les fusées) et qu'ils ont perdu la plupart de leurs grands scientifiques lors de la guerre, aux États-Unis et en URSS après la guerre, ou ils étaient impliqués dans les procès pour punir la direction nazie.",[1] Answer [2] Answer (Summary) [3] Answer [4] Answer,4zl0mg,d6wueax,"[1] Answer,Answer (Summary) [2] Answer,Answer (Summary) [3] Answer,Answer (Summary) [4] Answer,Auxiliary Information"
"Pourquoi les Suédois parlent-ils si bien l'anglais ? [1] Je suis suédois et je peux vous informer. [2] Comme mentionné, une majorité de nos divertissements sont en anglais, et sont sous-titrés, pas doublés. [3] Cela signifie que nous y sommes exposés dès un très jeune âge. [4] De plus, l'éducation formelle en anglais commence à partir de la troisième année de l'école (cela peut avoir changé depuis que j'étais jeune cependant). [5] À l'époque où j'ai été éduqué, toute l'éducation était en « Queen's English » et non en américain. [6] Enfin, ce qui est un peu plus difficile à expliquer, c'est que les « sons » qui constituent la langue suédoise comprennent tous (et beaucoup plus) les « sons » de la langue anglaise. [7] Cela signifie qu'il est beaucoup plus facile pour un Suédois de prononcer correctement l'anglais que vice versa. [8] (Les « sons » sont correctement appelés « phonétique ».)",[1] Miscellaneous [2] Answer [3] Answer (Summary) [4] Answer (Summary) [5] Auxiliary Information [6] Answer (Summary) [7] Answer [8] Auxiliary Information,59ntqu,d99z8oa,"[1] Miscellaneous [2] Answer,Answer (Summary) [3] Answer,Answer (Summary) [4] Answer,Answer (Summary) [5] Auxiliary Information [6] Answer,Answer (Summary) [7] Answer,Answer (Summary) [8] Auxiliary Information,Miscellaneous"
"Quel est ce sentiment quand vous frissonnez violemment de manière aléatoire ou quand quelqu'un marche ""sur votre tombe"" ? [1] La justification scientifique moderne pour les frissons soudains et inexpliqués et pour les chair de poule est qu'ils sont causés par une libération subconsciente de l'hormone de stress adrénaline. [2] Cela peut être en réponse au froid ou à une réaction émotionnelle à un souvenir poignant." ([3] (URL_0))",[1] Answer (Summary) [2] Auxiliary Information [3] Miscellaneous,5a9i5t,d9ey14q,"[1] Answer (Summary) [2] Answer,Answer (Summary),Auxiliary Information [3] Miscellaneous"
"Pourquoi la plupart des grandes religions sont-elles de droite alors que leurs figures centrales sont de gauche ? [1] La politique de droite est largement centrée sur un gouvernement petit et efficace, une faible imposition, une faible réglementation et repose sur le libre marché. [2] Cela va de pair avec le rejet de l'autorité - et les croyants croient en une autorité divine bien plus puissante et importante qu'un gouvernement terrestre. [3] Ainsi, ils ne font pas confiance à leur gouvernement pour intervenir dans plus de choses que le strict minimum, et leur allégeance est à Dieu, pas au gouvernement.",[1] Answer [2] Answer (Summary) [3] Answer (Summary),5hh70u,db07qmf,"[1] Answer,Answer (Summary),Auxiliary Information [2] Answer,Answer (Summary) [3] Answer,Answer (Summary)"
"Pourquoi avons-nous des limites de forfait de données? [1] Il y a quelques bonnes raisons qui expliquent que c'est dû à l'infrastructure et au coût de maintenance de leurs systèmes et qu'ils doivent payer pour le spectre et tout cela, et bien que cela devrait idéalement être la cause des limites de données, ce n'est pas le cas. [2] Les fournisseurs de services Internet font une quantité incroyable de bénéfices, et il y a quelques années, le gouvernement a donné de l'argent aux plus grands pour améliorer leur infrastructure (qu'ils n'ont pas fait un travail très satisfaisant). [3] Donc, si ce n'est pas la cause, qu'est-ce que c'est? [4] L'argent. [5] Ils veulent gagner plus d'argent. [6] S'ils fixent des limites, ils peuvent facturer plus pour des forfaits plus importants et facturer des frais de dépassement. [7] Au moins aux États-Unis, tout se résume à gagner plus d'argent en arnaquant le client.",[1] Auxiliary Information [2] Auxiliary Information [3] Answer - Organizational sentence [4] Answer [5] Answer [6] Answer [7] Answer,5jx83b,dbjuwpr,"[1] Answer,Auxiliary Information [2] Auxiliary Information [3] Answer - Organizational sentence,Miscellaneous [4] Answer,Answer (Summary) [5] Answer,Answer (Summary) [6] Answer,Answer (Summary) [7] Answer,Auxiliary Information"
"Comment les gens se réveillaient-ils à l'heure avant l'invention des réveils ? [1] Le corps humain est fait de manière à pouvoir détecter les schémas et à chercher à les suivre. [2] Il réagit également à la lumière, à sa quantité (et à son type). [3] C'est la raison pour laquelle vous pouvez vous sentir étrange après avoir changé votre horloge pour l'heure d'été. [4] Votre corps est habitué à faire des choses à une heure précise avant ou après la nouvelle heure. [5] Je suis assez sûr qu'il faut environ 3 semaines pour que votre corps s'ajuste complètement. [6] La deuxième raison pour laquelle il est plus facile de rester éveillé la nuit si vous avez vos lumières allumées ou que vous jouez à des jeux sur votre téléphone. [7] La lumière, jusqu'à très récemment, signifiait le jour, surtout si elle était de certaines couleurs, c'est donc à cela que notre corps a évolué pour réagir.",[1] Answer (Summary) [2] Answer (Summary) [3] Auxiliary Information [4] Auxiliary Information [5] Auxiliary Information [6] Answer - Example [7] Answer (Summary),5kh1j2,dbnxvgq,"[1] Answer (Summary) [2] Answer (Summary) [3] Answer - Example,Auxiliary Information [4] Answer - Example,Auxiliary Information [5] Auxiliary Information [6] Answer - Example,Auxiliary Information [7] Answer,Answer (Summary),Answer - Example"
"Pourquoi la plupart des voitures sont-elles à traction avant, alors que les motos et les vélos sont à propulsion arrière ? [1] La plupart des voitures sont à traction avant pour deux raisons quelque peu liées : l'emballage et le coût. [2] En général, les chaînes cinématiques à traction avant sont moins complexes, nécessitent moins de pièces et prennent moins de place qu'une voiture à propulsion arrière ; cela rend la voiture plus légère, moins chère à produire et augmente l'espace de la cabine. [3] Les motos et les vélos sont à propulsion arrière principalement en raison de l'interférence avec la direction et/ou des difficultés d'ingénierie qui résulteraient de l'utilisation d'une chaîne pour la roue avant. [4] Il est beaucoup plus facile de faire passer la chaîne à la roue arrière qui ne tourne jamais.",[1] Answer (Summary) [2] Answer [3] Answer (Summary) [4] Answer,5kxpj5,dbreovq,"[1] Answer (Summary) [2] Answer,Answer - Example [3] Answer (Summary) [4] Answer,Answer (Summary)"
"Pourquoi la Révolution française est-elle considérée comme plus importante que la révolution américaine dans l'histoire mondiale alors qu'elle est venue plus tard et avait de nombreux thèmes similaires? [1] Principalement parce que la révolution américaine concernait une partie d'une nation devenue indépendante avec une nouvelle gouvernance et des lois associées. [2] La révolution française avait pour objectif de se débarrasser des monarchies, ce qui a changé les structures de pouvoir dans toute l'Europe, ce qui, même sans tenir compte de l'eurocentrisme, a été un facteur d'influence énorme sur la façon dont le monde est aujourd'hui. [3] On peut encore voir des monarchies en place dans des pays où la révolution n'a pas eu lieu, donc cela ne compte pas non plus comme un événement qui se serait produit de toute façon.",[1] Answer (Summary) [2] Answer (Summary) [3] Answer,5pqhe5,dcszz2o,"[1] Answer (Summary) [2] Answer (Summary) [3] Answer,Auxiliary Information"
"Pourquoi les sites web vous obligent-ils à avoir un mot de passe compliqué alors que la plupart des violations de compte proviennent d'une attaque et non simplement de la devinette du mot de passe? [1] Lorsque des personnes piratent des sites pour des mots de passe, elles obtiennent généralement une liste de mots de passe hachés. [2] Cela signifie que lorsque vous entrez votre mot de passe, le site peut vérifier s'il s'agit du même mot de passe avec lequel vous vous êtes inscrit, mais il ne sait pas quel est le mot de passe. [3] C'est comme un message secret à sens unique. [4] Les pirates informatiques découvrent des mots de passe en utilisant des techniques de hachage courantes et en devinant des mots de passe courants à l'aide de ces techniques. [5] Étant donné que "motdepasse123" est un mot de passe courant, ils le mettront dans le hachage, verront ce qui en ressort et feront correspondre cette sortie à la liste volée de mots de passe hachés qu'ils ont obtenue. [6] S'ils ne peuvent pas deviner votre mot de passe pour l'entrer, alors ils ne pourront pas savoir ce que c'est. [7] Les mots de passe complexes rendent plus difficile la devinette des mots de passe hachés une fois qu'ils sont volés. [8] Les facteurs les plus importants pour rendre un mot de passe difficile à deviner sont le nombre total de caractères que vous pouvez utiliser et la longueur. [9] Forcer à avoir trois caractères spéciaux, deux majuscules et un chiffre ne vous aide pas vraiment, mais permettre d'utiliser n'importe quel caractère et exiger que votre mot de passe soit long aide. [10] En d'autres termes, "a%6L7" ressemble à un mot de passe plus sécurisé que "!X [11] XthisismypasswordforthissiteX!", mais ce dernier est en fait plus sécurisé car il est plus long et peut potentiellement utiliser tout autant de symboles. [12] Les mots de passe plus longs sont plus difficiles à deviner car les combinaisons possibles de devinette augmentent rapidement lorsque vous ajoutez des caractères supplémentaires.",[1] Answer (Summary) [2] Answer (Summary) [3] Miscellaneous [4] Answer (Summary) [5] Answer - Example [6] Answer [7] Answer (Summary) [8] Answer [9] Answer [10] Answer - Example [11] Answer - Example [12] Answer,5w0c1o,de6bi2m,"[1] Answer (Summary) [2] Answer (Summary),Auxiliary Information [3] Answer - Example,Auxiliary Information,Miscellaneous [4] Answer (Summary),Auxiliary Information [5] Answer (Summary),Answer - Example,Auxiliary Information [6] Answer,Answer (Summary),Auxiliary Information [7] Answer (Summary) [8] Answer,Auxiliary Information [9] Answer,Answer (Summary),Auxiliary Information [10] Answer - Example,Auxiliary Information [11] Answer - Example,Auxiliary Information [12] Answer"
"Est-ce que la capacité de notre cerveau peut être mesurée approximativement en octets ? [1] Le stockage informatique et la mémoire humaine ne sont pas directement comparables. [2] Les ordinateurs stockent les informations sous forme d'états de "on" ou 1 et "off" ou 0. [3] Un seul 1 ou 0 est un bit, et 8 de ces derniers mis ensemble (au moins dans la plupart des ordinateurs modernes) constituent un octet. [4] Mais le cerveau ne fonctionne pas du tout comme ça. [5] Nous stockons les souvenirs sous forme de connexions entre les cellules nerveuses, donc les octets ne sont pas une unité très applicable pour mesurer la capacité du cerveau. [6] Une mesure plus précise de la capacité du cerveau est le nombre de connexions dans le cerveau.",[1] Answer (Summary) [2] Answer [3] Answer [4] Answer [5] Answer (Summary) [6] Answer,609xpd,df4vjsi,"[1] Answer,Answer (Summary) [2] Answer,Answer (Summary),Auxiliary Information [3] Answer [4] Answer [5] Answer,Answer (Summary) [6] Answer"
"Si un toxicomane tombe dans le coma suffisamment longtemps pour se débarrasser de la drogue de son système, sera-t-il toujours dépendant à son réveil? [1] Il n'aurait aucune dépendance physique. [2] Il passerait par un sevrage pendant qu'il est inconscient. [3] Mais il serait toujours psychologiquement dépendant, tout comme une personne qui arrête pendant un certain temps - elle aura toujours envie de la substance, mais ne deviendra pas physiquement malade en l'absence de celle-ci. [4] C'est en fait une pratique courante de mettre les gens sous sédation pour qu'ils puissent se désintoxiquer tout en étant inconscients.",[1] Answer (Summary) [2] Answer [3] Answer (Summary) [4] Auxiliary Information,65pefi,dgc3mwv,[1] Answer (Summary) [2] Answer [3] Answer (Summary) [4] Auxiliary Information
"Pourquoi tant de pays européens manifestent-ils de la haine envers l'Union européenne (comme le Royaume-Uni), même si cela a conduit à la période la plus paisible et la plus stable de l'histoire européenne ? [1] Une chose que les gens n'ont pas mentionnée est l'immigration. [2] Malgré les affirmations contraires, l'immigration était l'une des principales raisons pour lesquelles le Royaume-Uni a voté pour quitter l'UE. [3] Les pays de l'UE doivent permettre aux personnes d'autres pays de l'UE de vivre et de travailler sans restriction. [4] Cela a entraîné un grand nombre de personnes venant de pays moins riches tels que la Pologne, qui viennent vivre dans des pays plus riches, dont le Royaume-Uni. [5] Certaines personnes n'aiment pas cela parce qu'elles pensent que ces immigrants profiteront du système d'aide et ne contribueront pas à la société. [6] Bien que cela ne soit statistiquement pas vrai dans le cas moyen. [7] D'autres personnes n'aiment pas cela parce qu'elles estiment qu'ils prennent des emplois que les Britanniques pourraient avoir occupés, ce qui entraîne un chômage accru. [8] Cependant, maintenant, de nombreuses entreprises et organisations britanniques risquent de faire face à une pénurie de travailleurs. [9] Enfin, certaines personnes n'aiment pas la façon dont la société a changé en raison de l'immigration. [10] Il y a beaucoup plus de personnes ne parlant pas l'anglais qu'auparavant, et il y a beaucoup de magasins qui s'adressent à divers groupes d'immigrants. [11] Cela fait sentir à certaines personnes que ce n'est plus "leur pays".",[1] Answer [2] Answer (Summary) [3] Answer (Summary) [4] Answer [5] Answer [6] Auxiliary Information [7] Answer (Summary) [8] Auxiliary Information [9] Answer (Summary) [10] Answer [11] Answer,66r1gv,dgknysq,"[1] Answer,Answer - Organizational sentence [2] Answer (Summary) [3] Answer (Summary) [4] Answer,Answer - Example [5] Answer,Answer (Summary) [6] Auxiliary Information [7] Answer,Answer (Summary) [8] Answer,Auxiliary Information [9] Answer,Answer (Summary) [10] Answer,Answer - Example [11] Answer,Auxiliary Information"
"Comment se fait-il que les entreprises de logiciels doivent attendre que des pirates informatiques trouvent des failles dans leur système et ne puissent pas les découvrir eux-mêmes avant de lancer un package logiciel? [1] Essayez de réfléchir à toutes les façons dont vous pourriez entrer par effraction dans votre maison si vous étiez un cambrioleur. [2] Vous avez un peu l'avantage car vous y vivez et connaissez la disposition. [3] Maintenant, demandez à un million de cambrioleurs comment ils entreraient dans votre maison. [4] Je vous garantis qu'ils en trouveront au moins une que vous ne connaissez pas. [5] Tous les tests internes du monde ne seront jamais aussi complets qu'un grand nombre de personnes dans votre système qui découvrent des choses par accident (ou pas par accident).",[1] Answer - Example [2] Answer - Example [3] Answer - Example [4] Answer - Example [5] Answer (Summary),6jw33w,djhfz0v,[1] Answer - Example [2] Answer - Example [3] Answer - Example [4] Answer - Example [5] Answer (Summary)
"Pourquoi les gens sont-ils contre les vérifications obligatoires des antécédents avant d'acheter une arme à feu? [1] Aux États-Unis, il y a déjà une [vérification obligatoire des antécédents] (URL_0) pour acheter une arme à feu dans un cadre de vente au détail (si vous achetez une arme neuve ou d'occasion dans un magasin, vous aurez une vérification des antécédents). [2] De plus, étant donné que le gouvernement fédéral peut réglementer la vente de choses qui traversent les frontières des États, il est illégal pour deux personnes de vendre une arme à feu de manière privée sans impliquer un magasin de détail (et donc une vérification des antécédents) s'ils ne résident pas dans le même État. [3] Il n'y a pas de vérification des antécédents pour les ventes privées au sein de la plupart des États. [4] Ainsi, lorsque quelqu'un dit qu'il veut des vérifications obligatoires des antécédents pour toutes les ventes d'armes à feu, cela signifie qu'il les veut pour les ventes privées d'armes à feu au sein de l'État. [5] Les opposants soulignent que nous appliquons les vérifications des antécédents pour les ventes au détail en [contrôlant très strictement l'inventaire des détaillants] (URL_1) (ils doivent tenir un registre de chaque arme qui passe par leur magasin). [6] Les propriétaires d'armes à feu sont extrêmement préoccupés par le fait qu'un enregistrement similaire des armes qu'ils possèdent donne à l'État un outil beaucoup trop utile s'il souhaite jamais saisir les armes (puisque cela lui permettrait de savoir où se trouve chaque arme à feu dans le pays). [7] C'est pourquoi il y a de l'opposition, les vérifications des antécédents actuelles couvrent presque toutes les ventes d'armes à feu, et il y a trop peu de confiance dans le fait que les moyens de faire respecter les vérifications des antécédents privées finiraient par être les moyens de faciliter une saisie d'armes à feu privées.",[1] Auxiliary Information [2] Auxiliary Information [3] Answer [4] Answer [5] Answer [6] Answer [7] Answer (Summary),6lzqth,djxuq7w,"[1] Answer,Auxiliary Information [2] Answer,Auxiliary Information [3] Answer [4] Answer [5] Answer [6] Answer,Answer (Summary) [7] Answer (Summary)"
"Pourquoi la pédophilie est-elle considérée comme un trouble mental ? [1] Avoir un trouble mental ne signifie pas que votre cerveau est différent. [2] Selon Wikipedia : [3] « Un trouble mental, également appelé maladie mentale ou trouble psychiatrique, est un comportement ou un modèle mental qui peut causer de la souffrance ou une capacité médiocre à fonctionner dans la vie. [4] De telles caractéristiques peuvent être persistantes, récurrentes et récurrentes, ou se produire en tant qu'épisode unique. [5] De nombreux troubles ont été décrits, avec des signes et des symptômes qui varient considérablement entre des troubles spécifiques. » [6] J'imagine que la pédophilie est considérée comme telle parce que la réalisation de tels désirs est violente et extrêmement préjudiciable à la psyché d'un enfant. [7] La pédophilie est toujours non consensuelle, car la cible est, par définition, une personne trop immature pour être en mesure de donner son consentement.",[1] Auxiliary Information [2] Miscellaneous [3] Auxiliary Information [4] Auxiliary Information [5] Auxiliary Information [6] Answer (Summary) [7] Answer,6ofbso,dkgx1t7,"[1] Auxiliary Information [2] Answer - Organizational sentence,Miscellaneous [3] Answer,Answer (Summary),Auxiliary Information [4] Answer,Auxiliary Information [5] Answer,Auxiliary Information [6] Answer (Summary) [7] Answer,Answer (Summary)"
"Pourquoi est-ce que tout le monde qui plaide «non coupable» dans une affaire judiciaire, mais plus tard reconnu coupable, n'est pas également accusé de parjure (en plus de leurs accusations initiales)? [1] > [2] Pourquoi est-ce que tout le monde qui plaide «non coupable» dans une affaire judiciaire, mais plus tard reconnu coupable, n'est pas également accusé de parjure (en plus de leurs accusations initiales)? [3] Un plaidoyer n'est pas un témoignage sous serment de la part du défendeur, c'est juste une demande de «prouvez-le» à l'accusation. [4] De plus, cela déraillerait le fonctionnement prévu du processus juridique; si vous devez être accusé de parjure si vous perdez, pourquoi ne pas mentir à chaque occasion? [5] Si vous gagnez, vous êtes libéré et si vous perdez, vous serez condamné pour parjure pour vous être défendu de toute façon. [6] Et c'est ce que cela revient vraiment: [7] Vous avez le droit à une défense juridique. [8] Vous accuser de parjure simplement pour avoir plaidé non coupable violerait votre droit fondamental à une défense juridique et serait une violation des droits humains. [9] Vous devez être vigilant à cet égard.",[1] Miscellaneous [2] Miscellaneous [3] Answer (Summary) [4] Answer (Summary) [5] Answer [6] Answer - Organizational sentence [7] Answer [8] Answer [9] Miscellaneous,6roka4,dl6ld37,"[1] Miscellaneous [2] Answer - Organizational sentence,Miscellaneous [3] Answer,Answer (Summary) [4] Answer,Answer (Summary) [5] Answer [6] Answer,Answer - Organizational sentence [7] Answer [8] Answer,Answer (Summary) [9] Miscellaneous"
"Après avoir détecté le lancement d'un missile, comment un pays sait-il s'il s'agit d'une attaque ou simplement d'un test? [1] Normalement, ils informent l'autre pays qu'ils lancent un missile. [2] Bien que parfois ils oublient et il y a une certaine peur nucléaire. [3] Jusqu'à présent, cela n'a pas déclenché de guerre nucléaire car la plupart des tests ne sont qu'un seul missile. [4] Et une attaque massive impliquerait des centaines de missiles. [5] De plus, le missile pourrait ne pas être dirigé vers quelque chose de valeur. [6] Si le choix était de potentiellement déclencher une guerre nucléaire par accident ou de perdre une île inhabitée au milieu du Pacifique que vous possédez techniquement, la plupart des gens choisiraient la dernière option.",[1] Answer (Summary) [2] Miscellaneous [3] Answer [4] Answer (Summary) [5] Answer (Summary) [6] Auxiliary Information,6srr2d,dlf1meu,"[1] Answer (Summary) [2] Auxiliary Information,Miscellaneous [3] Answer,Answer (Summary) [4] Answer (Summary) [5] Answer (Summary) [6] Answer - Example,Auxiliary Information,Miscellaneous"
"Pourquoi la peur des clowns est-elle une phobie aussi courante? [1] Les costumes de clown déforment et exagèrent leurs traits pour un effet humoristique. [2] Cependant, nous trouvons naturellement les déformations de traits inquiétantes ou effrayantes car elles sont indicatives d'une maladie. [3] Il y a aussi l'effet de la vallée dérangeante, dans lequel nous trouvons les choses qui sont presque humaines dans leur apparence beaucoup plus perturbantes que les choses qui sont évidemment fausses, probablement pour la même raison. [4] Les enfants sont moins capables de dire que les clowns sont faux et sont donc plus susceptibles de les craindre, une peur qui peut se prolonger à l'âge adulte.",[1] Answer [2] Answer (Summary) [3] Answer (Summary) [4] Answer (Summary),6z9i1m,dmti2mm,"[1] Answer,Auxiliary Information [2] Answer,Answer (Summary) [3] Answer,Answer (Summary) [4] Answer,Answer (Summary)"
"Comment puis-je m'asseoir dans un sauna à ~200°F et ne pas me brûler, alors que de l'eau à la même température renversée sur mon bras me brûlera et causera des cloques sur ma peau? [1] Les deux bonnes réponses sont déjà ici, mais pas dans le même message. [2] Tout d'abord, l'eau a une capacité thermique élevée. [3] Cela signifie qu'un petit changement de température pour l'eau = beaucoup d'énergie. [4] Donc, de l'eau à 200 degrés a des milliers de fois plus de chaleur que l'air pour chaque degré de changement de température, et cela est basé sur la MASSE. [5] La densité de l'eau est beaucoup plus élevée que celle de l'air, donc il y en a beaucoup plus près de vous lorsque vous y êtes exposé. [6] Enfin, en raison de la densité, elle transfère l'énergie beaucoup plus rapidement. [7] La chaleur est transférée lorsque les molécules se heurtent - plus il y a de densité, plus il y a de molécules proches les unes des autres, ce qui signifie plus de collisions = transfert d'énergie plus rapide. [8] Pour un exemple de cela en action, essayez de cuire une pomme de terre dans un four à 450°F tout en la faisant bouillir dans de l'eau à 212°F. [9] Cela devrait se faire beaucoup plus rapidement dans l'eau. [10] En résumé, l'eau contient plus d'énergie dans un espace plus petit et transfère cette énergie beaucoup plus rapidement.",[1] Miscellaneous [2] Answer [3] Answer [4] Answer [5] Answer [6] Answer [7] Auxiliary Information [8] Answer - Example [9] Answer - Example [10] Answer (Summary),71duix,dna5w8k,"[1] Auxiliary Information,Miscellaneous [2] Answer [3] Answer,Auxiliary Information [4] Answer,Answer (Summary) [5] Answer [6] Answer [7] Answer,Auxiliary Information [8] Answer - Example [9] Answer - Example [10] Answer (Summary)"
"Le corps humain a-t-il vraiment une horloge biologique de 24 heures ? [1] En quelque sorte, oui. [2] Nous avons une horloge circadienne, un mécanisme biologique qui fonctionne en libérant certaines hormones sur une période de 24 heures, ainsi qu'en prenant des indices externes tels que le soleil. [3] Sans indices externes, l'horloge circadienne peut fonctionner un peu plus longtemps ou plus court que 24 heures, et chez les bébés, c'est encore tout mélangé (c'est pourquoi ils ont un horaire de sommeil irrégulier). [4] Presque tous les animaux ont une horloge circadienne, pas seulement les humains. [5] Cela n'a rien à voir avec les années bissextiles, car les années bissextiles ajoutent simplement un jour complet, sans perturber notre horloge circadienne.",[1] Answer [2] Answer (Summary) [3] Auxiliary Information [4] Auxiliary Information [5] Auxiliary Information,7vnayx,dttkapp,"[1] Answer,Answer (Summary) [2] Answer,Answer (Summary) [3] Answer,Answer - Example,Auxiliary Information [4] Auxiliary Information [5] Auxiliary Information"
"Si les voitures électriques sont l'avenir, pourquoi l'intérêt (financement/recherche) augmente-t-il seulement aujourd'hui alors qu'elles existent depuis plus de 100 ans ? [1] Parce que les batteries au plomb ont une densité d'énergie horrible. [2] Le Nickel-Cadmium aussi, quiconque a utilisé des avions RC avant les Lipos sait à quel point nous sommes bénis aujourd'hui. [3] Les batteries Li-ion ont été commercialisées dans les années 90 et même maintenant, les Li-ion ont une densité d'énergie plutôt faible par rapport aux combustibles. [4] Les batteries (et supercondensateurs) sont très difficiles à manipuler, beaucoup de choses qui fonctionnent en laboratoire ne fonctionnent pas à l'extérieur. [5] Il nous a également fallu beaucoup de temps avant de savoir quoi faire avec les semi-conducteurs, parfois cela prend juste beaucoup de temps pour améliorer quelque chose suffisamment pour le rendre viable. [6] Les gens sont trop rapides pour tout blâmer sur la ""cupidité des entreprises"". [7] Edit : [8] Il y a aussi le problème que les batteries perdent leur capacité de décharge, ce qui s'est beaucoup amélioré au cours des 100 dernières années. [9] (la durabilité des cycles a augmenté) [10] L'efficacité de charge/décharge a également beaucoup progressé au cours des 100 dernières années.",[1] Answer [2] Answer - Example [3] Answer [4] Answer [5] Answer (Summary) [6] Miscellaneous [7] Miscellaneous [8] Answer [9] Answer [10] Answer,853iir,dvugo9n,"[1] Answer,Answer (Summary) [2] Answer,Answer - Example [3] Answer [4] Answer,Answer (Summary) [5] Answer (Summary) [6] Answer,Auxiliary Information,Miscellaneous [7] Miscellaneous [8] Answer [9] Answer,Auxiliary Information [10] Answer,Answer (Summary)"
"Quels sont les avantages du mariage aux États-Unis? [1] Je pense que l'un des plus grands avantages est que votre conjoint devient votre «prochain parent légal», ce qui signifie que vous pouvez prendre des décisions médicales pour eux, posséder leur propriété après leur mort, etc. [2] Si vous n'êtes pas marié, vous ne faites pas légalement partie de la vie de cette personne, donc toutes les décisions légales ou médicales seraient entre les mains des parents de cette personne. [3] C'est pourquoi l'égalité des mariages était importante il y a quelques années. [4] Si quelqu'un était avec son partenaire depuis 15 ans, puis mourait subitement, leur partenaire devait espérer que leurs beaux-parents les aimaient ou même soutenaient le partenariat dès le départ. [5] Sinon, les parents pourraient simplement prendre la maison et tout l'argent (à condition que la personne n'ait pas de testament). [6] Il y a probablement d'autres avantages, mais je pense que c'est l'un des plus importants.",[1] Answer (Summary) [2] Answer [3] Auxiliary Information [4] Answer - Example [5] Answer - Example [6] Answer,86kera,dw5om2r,"[1] Answer (Summary) [2] Answer,Auxiliary Information [3] Auxiliary Information [4] Answer - Example,Auxiliary Information [5] Answer - Example,Auxiliary Information [6] Answer,Miscellaneous"
"Si une étoile est à 5 millions d'années-lumière, est-ce que nous regardons dans le passé ? [1] Vous regardez "dans le passé" chaque fois que vous regardez quoi que ce soit. [2] Bien sûr, cette étoile est à 5 millions d'années-lumière, donc ce que vous voyez remonte à 5 millions d'années. [3] Le soleil est à ~8 minutes-lumière. [4] Vous le voyez tel qu'il était il y a 8 minutes. [5] La lune ? [6] ~2 secondes. [7] Votre écran ? [8] Une quantité très minime, mais supérieure à zéro. [9] Édition : [10] En complément : les étoiles que vous voyez généralement dans le ciel ne sont pas aussi loin que 5 millions d'années-lumière. [11] Notre galaxie ne fait que 100 000 années-lumière de diamètre.",[1] Answer (Summary) [2] Answer (Summary) [3] Answer - Example [4] Answer - Example [5] Answer - Example [6] Answer - Example [7] Answer - Example [8] Answer - Example [9] Miscellaneous [10] Auxiliary Information [11] Auxiliary Information,l37v8,c2pfbhg,"[1] Answer,Answer (Summary) [2] Answer (Summary),Answer - Example [3] Answer - Example,Auxiliary Information [4] Answer - Example,Auxiliary Information [5] Answer - Example,Answer - Organizational sentence,Auxiliary Information [6] Answer - Example,Auxiliary Information [7] Answer - Example,Answer - Organizational sentence,Auxiliary Information [8] Answer - Example,Auxiliary Information [9] Auxiliary Information,Miscellaneous [10] Auxiliary Information [11] Auxiliary Information"
"Comment fonctionne le silencieux sur une arme à feu ? [1] Une arme à feu est bruyante pour deux raisons. [2] 1 : toute arme à feu qui tire une balle qui franchit le mur du son est impossible à supprimer sans ralentir la balle. [3] Une partie du son est le bang sonique créé par la balle franchissant le mur du son. [4] 2 : La façon dont une arme à feu tire est de créer suffisamment de pression derrière la balle pour la pousser hors du canon de l'arme. [5] Il y a des gaz très chauds qui se dilatent très rapidement. [6] Un réducteur de son (également connu sous le nom de silencieux) ralentit l'expansion des gaz à l'extérieur du canon. [7] Si vous deviez démonter un réducteur de son, vous verriez qu'il s'agit essentiellement d'un tube avec de petits trous qui alimentent une autre chambre. [8] En donnant aux gaz une zone légèrement plus grande pour se dilater, cela permet aux gaz de se dilater et de se refroidir à un rythme plus lent.",[1] Answer - Organizational sentence [2] Auxiliary Information [3] Auxiliary Information [4] Auxiliary Information [5] Auxiliary Information [6] Answer (Summary) [7] Answer [8] Answer,lf6r4,c2s6f5i,"[1] Answer - Organizational sentence,Auxiliary Information [2] Answer,Answer - Organizational sentence,Auxiliary Information [3] Auxiliary Information [4] Answer - Organizational sentence,Auxiliary Information [5] Answer,Auxiliary Information [6] Answer (Summary) [7] Answer,Answer (Summary),Auxiliary Information [8] Answer,Answer (Summary)"
"Noms de fichiers. Pourquoi Microsoft Office ne peut-il pas enregistrer ou ouvrir des fichiers qui contiennent des barres obliques ou des deux-points dans leur nom? [1] De plus, comme d'autres l'ont mentionné, les noms de fichiers sont des limitations du système de fichiers. [2] Le système de fichiers est comme le tiroir qui contient les fichiers. [3] Le tiroir a des sections et chaque section ne peut contenir qu'un certain type de fichier. [4] Un fichier de taille légale ne rentrera pas dans un tiroir qui contient des documents de format lettre. [5] Comme vestige des débuts de Windows, de nombreux caractères ne sont pas autorisés dans les noms de fichiers tels que < > ?!: etc., car le système de fichiers n'est pas équipé pour gérer ces types. [6] En utilisant Microsoft Office sur un Mac, vous pourriez enregistrer toutes sortes de noms de fichiers, sauf ceux avec un deux-points. [7] C'est parce que le système d'exploitation Mac OS classique utilise des deux-points pour séparer les fichiers. [8] Le nouveau Mac OS utilise des deux-points au niveau du système de base, donc cela est réservé. [9] Tous les autres types sont autorisés.",[1] Answer (Summary) [2] Answer - Example [3] Answer - Example [4] Answer - Example [5] Answer (Summary) [6] Answer (Summary) [7] Answer (Summary) [8] Answer [9] Auxiliary Information,nycui,c3cxu7q,"[1] Answer,Answer (Summary) [2] Answer,Answer - Example [3] Answer,Answer - Example [4] Answer,Answer - Example [5] Answer (Summary),Auxiliary Information [6] Answer,Answer (Summary) [7] Answer,Answer (Summary) [8] Answer [9] Answer,Auxiliary Information"
"Lorsque vous nagez, pourquoi l'eau ne remplit-elle pas vos oreilles et ne vous tue-t-elle pas? [1] Heureusement pour vous, votre oreille possède une barrière protectrice appelée le tympan (membrane du tympan). [2] Cela garde l'oreille moyenne et interne séparée de l'environnement extérieur. [3] Même si votre tympan est déchiré, votre corps a une connexion de l'oreille à la gorge appelée votre tube auditif ou trompe d'Eustache. Donc, si vous alliez nager avec un tympan perforé (ce qui est une mauvaise idée car le risque d'infection augmente considérablement), vous seriez quand même en sécurité.",[1] Answer (Summary) [2] Answer (Summary) [3] Answer,vcll8,c53apjt,"[1] Answer (Summary) [2] Answer,Answer (Summary) [3] Answer,Auxiliary Information"
